timestep,susceptible_nodes,infected_nodes,recovered_nodes,run
0,27,21,0,1
1,18,26,4,1
2,12,29,7,1
3,7,29,12,1
4,5,27,16,1
5,5,22,21,1
6,5,18,25,1
7,5,10,33,1
8,5,7,36,1
9,5,6,37,1
10,5,6,37,1
11,5,6,37,1
12,5,5,38,1
13,5,5,38,1
14,5,5,38,1
15,5,5,38,1
16,5,4,39,1
17,5,4,39,1
18,5,3,40,1
19,5,3,40,1
20,5,3,40,1
21,5,2,41,1
22,5,1,42,1
23,5,1,42,1
24,5,0,43,1
0,29,19,0,2
1,16,31,1,2
2,9,35,4,2
3,5,28,15,2
4,2,28,18,2
5,1,24,23,2
6,0,16,32,2
7,0,14,34,2
8,0,12,36,2
9,0,10,38,2
10,0,7,41,2
11,0,6,42,2
12,0,6,42,2
13,0,4,44,2
14,0,4,44,2
15,0,4,44,2
16,0,3,45,2
17,0,0,48,2
0,31,13,4,3
1,23,20,5,3
2,11,30,7,3
3,6,32,10,3
4,2,28,18,3
5,1,21,26,3
6,1,16,31,3
7,1,12,35,3
8,1,9,38,3
9,1,6,41,3
10,1,6,41,3
11,1,5,42,3
12,1,2,45,3
13,1,2,45,3
14,1,2,45,3
15,1,2,45,3
16,1,2,45,3
17,1,2,45,3
18,1,1,46,3
19,1,1,46,3
20,1,0,47,3
0,24,23,1,4
1,17,25,6,4
2,11,25,12,4
3,6,24,18,4
4,2,23,23,4
5,1,20,27,4
6,1,14,33,4
7,1,11,36,4
8,1,9,38,4
9,1,8,39,4
10,1,7,40,4
11,1,5,42,4
12,1,3,44,4
13,1,2,45,4
14,1,2,45,4
15,1,2,45,4
16,1,2,45,4
17,1,1,46,4
18,1,1,46,4
19,1,1,46,4
20,1,1,46,4
21,1,1,46,4
22,1,1,46,4
23,1,1,46,4
24,1,1,46,4
25,1,0,47,4
0,29,18,1,5
1,24,16,8,5
2,18,19,11,5
3,11,20,17,5
4,4,23,21,5
5,0,20,28,5
6,0,17,31,5
7,0,16,32,5
8,0,13,35,5
9,0,10,38,5
10,0,8,40,5
11,0,7,41,5
12,0,6,42,5
13,0,5,43,5
14,0,3,45,5
15,0,2,46,5
16,0,2,46,5
17,0,1,47,5
18,0,1,47,5
19,0,1,47,5
20,0,1,47,5
21,0,0,48,5
0,29,15,4,6
1,23,19,6,6
2,17,22,9,6
3,10,28,10,6
4,6,26,16,6
5,4,22,22,6
6,3,17,28,6
7,3,10,35,6
8,3,9,36,6
9,3,9,36,6
10,3,8,37,6
11,3,5,40,6
12,3,4,41,6
13,3,2,43,6
14,3,2,43,6
15,3,2,43,6
16,3,1,44,6
17,3,1,44,6
18,3,1,44,6
19,3,1,44,6
20,3,0,45,6
0,33,9,6,7
1,28,14,6,7
2,21,18,9,7
3,12,24,12,7
4,8,23,17,7
5,4,23,21,7
6,1,19,28,7
7,1,13,34,7
8,1,11,36,7
9,1,8,39,7
10,1,7,40,7
11,1,7,40,7
12,1,7,40,7
13,1,6,41,7
14,1,3,44,7
15,1,1,46,7
16,1,1,46,7
17,1,1,46,7
18,1,1,46,7
19,1,1,46,7
20,1,1,46,7
21,1,1,46,7
22,1,1,46,7
23,1,1,46,7
24,1,1,46,7
25,1,0,47,7
0,28,17,3,8
1,20,21,7,8
2,16,19,13,8
3,12,22,14,8
4,10,20,18,8
5,7,18,23,8
6,7,17,24,8
7,6,13,29,8
8,6,13,29,8
9,6,9,33,8
10,6,8,34,8
11,6,7,35,8
12,6,7,35,8
13,6,7,35,8
14,6,4,38,8
15,6,4,38,8
16,6,4,38,8
17,6,2,40,8
18,6,1,41,8
19,6,1,41,8
20,6,0,42,8
0,30,14,4,9
1,19,23,6,9
2,12,25,11,9
3,7,24,17,9
4,4,22,22,9
5,2,19,27,9
6,1,19,28,9
7,1,14,33,9
8,1,12,35,9
9,1,10,37,9
10,1,9,38,9
11,1,8,39,9
12,1,5,42,9
13,1,3,44,9
14,1,3,44,9
15,1,3,44,9
16,1,2,45,9
17,1,2,45,9
18,1,0,47,9
0,27,18,3,10
1,18,24,6,10
2,15,20,13,10
3,13,18,17,10
4,11,16,21,10
5,10,14,24,10
6,8,14,26,10
7,7,12,29,10
8,6,10,32,10
9,6,9,33,10
10,6,8,34,10
11,6,5,37,10
12,6,4,38,10
13,6,3,39,10
14,6,3,39,10
15,6,3,39,10
16,6,2,40,10
17,6,2,40,10
18,6,2,40,10
19,6,1,41,10
20,6,1,41,10
21,6,1,41,10
22,6,1,41,10
23,6,1,41,10
24,6,1,41,10
25,6,1,41,10
26,6,0,42,10
0,27,20,1,11
1,18,25,5,11
2,10,28,10,11
3,3,30,15,11
4,1,26,21,11
5,1,22,25,11
6,1,18,29,11
7,1,13,34,11
8,1,12,35,11
9,1,11,36,11
10,1,10,37,11
11,1,7,40,11
12,1,7,40,11
13,1,6,41,11
14,1,5,42,11
15,1,3,44,11
16,1,2,45,11
17,1,2,45,11
18,1,1,46,11
19,1,1,46,11
20,1,1,46,11
21,1,1,46,11
22,1,1,46,11
23,1,1,46,11
24,1,0,47,11
0,27,19,2,12
1,18,24,6,12
2,10,31,7,12
3,4,29,15,12
4,3,24,21,12
5,1,24,23,12
6,1,19,28,12
7,1,18,29,12
8,1,10,37,12
9,1,6,41,12
10,1,5,42,12
11,1,4,43,12
12,1,3,44,12
13,1,2,45,12
14,1,0,47,12
0,29,17,2,13
1,21,22,5,13
2,20,19,9,13
3,16,19,13,13
4,13,19,16,13
5,8,21,19,13
6,6,15,27,13
7,3,18,27,13
8,1,17,30,13
9,0,14,34,13
10,0,13,35,13
11,0,11,37,13
12,0,9,39,13
13,0,6,42,13
14,0,3,45,13
15,0,2,46,13
16,0,1,47,13
17,0,1,47,13
18,0,0,48,13
0,26,21,1,14
1,20,16,12,14
2,14,20,14,14
3,9,21,18,14
4,4,22,22,14
5,1,23,24,14
6,1,20,27,14
7,1,14,33,14
8,1,11,36,14
9,1,9,38,14
10,1,7,40,14
11,1,4,43,14
12,1,1,46,14
13,1,1,46,14
14,1,1,46,14
15,1,0,47,14
0,27,19,2,15
1,18,23,7,15
2,13,20,15,15
3,11,20,17,15
4,6,22,20,15
5,2,20,26,15
6,2,20,26,15
7,2,19,27,15
8,2,16,30,15
9,2,13,33,15
10,2,10,36,15
11,2,9,37,15
12,2,5,41,15
13,2,3,43,15
14,2,3,43,15
15,2,3,43,15
16,2,3,43,15
17,2,2,44,15
18,2,1,45,15
19,2,1,45,15
20,2,0,46,15
0,29,17,2,16
1,18,28,2,16
2,9,34,5,16
3,6,24,18,16
4,2,26,20,16
5,1,25,22,16
6,1,22,25,16
7,1,18,29,16
8,1,16,31,16
9,1,10,37,16
10,1,8,39,16
11,1,6,41,16
12,1,4,43,16
13,1,4,43,16
14,1,4,43,16
15,1,4,43,16
16,1,2,45,16
17,1,2,45,16
18,1,2,45,16
19,1,2,45,16
20,1,2,45,16
21,1,2,45,16
22,1,1,46,16
23,1,1,46,16
24,1,1,46,16
25,1,1,46,16
26,1,1,46,16
27,1,1,46,16
28,1,1,46,16
29,1,1,46,16
30,1,1,46,16
31,1,1,46,16
32,1,1,46,16
33,1,1,46,16
34,1,1,46,16
35,1,1,46,16
36,1,0,47,16
0,31,16,1,17
1,26,16,6,17
2,22,12,14,17
3,20,12,16,17
4,17,12,19,17
5,16,11,21,17
6,15,9,24,17
7,15,6,27,17
8,15,4,29,17
9,15,3,30,17
10,15,3,30,17
11,15,2,31,17
12,15,1,32,17
13,15,1,32,17
14,15,0,33,17
0,27,20,1,18
1,19,23,6,18
2,6,32,10,18
3,4,26,18,18
4,1,21,26,18
5,0,18,30,18
6,0,12,36,18
7,0,10,38,18
8,0,8,40,18
9,0,7,41,18
10,0,7,41,18
11,0,4,44,18
12,0,3,45,18
13,0,1,47,18
14,0,1,47,18
15,0,1,47,18
16,0,1,47,18
17,0,1,47,18
18,0,1,47,18
19,0,1,47,18
20,0,0,48,18
0,27,21,0,19
1,15,32,1,19
2,11,27,10,19
3,4,29,15,19
4,0,29,19,19
5,0,23,25,19
6,0,18,30,19
7,0,18,30,19
8,0,14,34,19
9,0,11,37,19
10,0,11,37,19
11,0,11,37,19
12,0,9,39,19
13,0,8,40,19
14,0,6,42,19
15,0,6,42,19
16,0,5,43,19
17,0,5,43,19
18,0,4,44,19
19,0,3,45,19
20,0,2,46,19
21,0,2,46,19
22,0,2,46,19
23,0,1,47,19
24,0,1,47,19
25,0,1,47,19
26,0,1,47,19
27,0,1,47,19
28,0,0,48,19
0,29,16,3,20
1,16,26,6,20
2,9,28,11,20
3,3,29,16,20
4,1,27,20,20
5,1,23,24,20
6,1,19,28,20
7,1,18,29,20
8,1,12,35,20
9,1,11,36,20
10,1,8,39,20
11,1,5,42,20
12,1,4,43,20
13,1,3,44,20
14,1,1,46,20
15,1,1,46,20
16,1,1,46,20
17,1,0,47,20
0,25,22,1,21
1,12,32,4,21
2,6,32,10,21
3,4,25,19,21
4,2,23,23,21
5,2,21,25,21
6,2,19,27,21
7,2,12,34,21
8,2,10,36,21
9,2,9,37,21
10,2,6,40,21
11,2,5,41,21
12,2,4,42,21
13,2,3,43,21
14,2,3,43,21
15,2,2,44,21
16,2,2,44,21
17,2,1,45,21
18,2,1,45,21
19,2,1,45,21
20,2,1,45,21
21,2,1,45,21
22,2,1,45,21
23,2,0,46,21
0,28,18,2,22
1,18,28,2,22
2,13,25,10,22
3,11,20,17,22
4,8,18,22,22
5,7,14,27,22
6,5,12,31,22
7,4,9,35,22
8,2,9,37,22
9,0,8,40,22
10,0,6,42,22
11,0,5,43,22
12,0,3,45,22
13,0,3,45,22
14,0,1,47,22
15,0,0,48,22
0,26,21,1,23
1,18,24,6,23
2,7,32,9,23
3,4,32,12,23
4,4,24,20,23
5,3,20,25,23
6,2,17,29,23
7,2,13,33,23
8,2,9,37,23
9,2,9,37,23
10,2,9,37,23
11,2,8,38,23
12,2,5,41,23
13,2,3,43,23
14,2,2,44,23
15,2,2,44,23
16,2,0,46,23
0,30,15,3,24
1,16,28,4,24
2,10,31,7,24
3,5,33,10,24
4,2,32,14,24
5,1,21,26,24
6,1,16,31,24
7,1,13,34,24
8,1,11,36,24
9,1,10,37,24
10,1,9,38,24
11,1,6,41,24
12,1,5,42,24
13,1,5,42,24
14,1,5,42,24
15,1,3,44,24
16,1,3,44,24
17,1,1,46,24
18,1,1,46,24
19,1,1,46,24
20,1,1,46,24
21,1,1,46,24
22,1,1,46,24
23,1,1,46,24
24,1,1,46,24
25,1,0,47,24
0,29,16,3,25
1,19,23,6,25
2,11,30,7,25
3,6,29,13,25
4,5,27,16,25
5,4,25,19,25
6,4,20,24,25
7,4,14,30,25
8,4,12,32,25
9,4,9,35,25
10,4,8,36,25
11,4,5,39,25
12,4,4,40,25
13,4,3,41,25
14,4,2,42,25
15,4,1,43,25
16,4,1,43,25
17,4,1,43,25
18,4,1,43,25
19,4,0,44,25
0,30,17,1,26
1,26,14,8,26
2,22,13,13,26
3,19,15,14,26
4,15,18,15,26
5,12,17,19,26
6,9,19,20,26
7,5,18,25,26
8,2,17,29,26
9,1,17,30,26
10,1,16,31,26
11,1,10,37,26
12,1,8,39,26
13,1,7,40,26
14,1,5,42,26
15,1,5,42,26
16,1,3,44,26
17,1,3,44,26
18,1,3,44,26
19,1,3,44,26
20,1,3,44,26
21,1,3,44,26
22,1,3,44,26
23,1,3,44,26
24,1,3,44,26
25,1,2,45,26
26,1,1,46,26
27,1,0,47,26
0,29,17,2,27
1,22,19,7,27
2,16,21,11,27
3,13,18,17,27
4,10,18,20,27
5,8,14,26,27
6,7,12,29,27
7,7,9,32,27
8,7,7,34,27
9,7,4,37,27
10,7,3,38,27
11,7,3,38,27
12,7,3,38,27
13,7,3,38,27
14,7,3,38,27
15,7,2,39,27
16,7,2,39,27
17,7,1,40,27
18,7,1,40,27
19,7,1,40,27
20,7,1,40,27
21,7,1,40,27
22,7,0,41,27
0,29,16,3,28
1,21,21,6,28
2,12,26,10,28
3,7,28,13,28
4,6,24,18,28
5,3,22,23,28
6,3,20,25,28
7,2,17,29,28
8,2,14,32,28
9,2,13,33,28
10,2,11,35,28
11,2,9,37,28
12,2,7,39,28
13,2,6,40,28
14,2,3,43,28
15,2,3,43,28
16,2,2,44,28
17,2,2,44,28
18,2,1,45,28
19,2,0,46,28
0,33,9,6,29
1,25,16,7,29
2,18,19,11,29
3,13,20,15,29
4,11,16,21,29
5,10,12,26,29
6,10,9,29,29
7,10,8,30,29
8,10,8,30,29
9,10,6,32,29
10,10,4,34,29
11,10,3,35,29
12,10,2,36,29
13,10,2,36,29
14,10,2,36,29
15,10,2,36,29
16,10,1,37,29
17,10,1,37,29
18,10,1,37,29
19,10,1,37,29
20,10,1,37,29
21,10,1,37,29
22,10,1,37,29
23,10,1,37,29
24,10,1,37,29
25,10,1,37,29
26,10,1,37,29
27,10,1,37,29
28,10,0,38,29
0,30,17,1,30
1,19,25,4,30
2,11,29,8,30
3,7,27,14,30
4,4,26,18,30
5,2,22,24,30
6,1,16,31,30
7,1,12,35,30
8,0,11,37,30
9,0,10,38,30
10,0,7,41,30
11,0,5,43,30
12,0,4,44,30
13,0,3,45,30
14,0,3,45,30
15,0,3,45,30
16,0,2,46,30
17,0,1,47,30
18,0,1,47,30
19,0,1,47,30
20,0,1,47,30
21,0,1,47,30
22,0,0,48,30
0,30,15,3,31
1,21,22,5,31
2,16,25,7,31
3,7,27,14,31
4,2,25,21,31
5,0,23,25,31
6,0,20,28,31
7,0,16,32,31
8,0,12,36,31
9,0,11,37,31
10,0,10,38,31
11,0,9,39,31
12,0,7,41,31
13,0,6,42,31
14,0,5,43,31
15,0,5,43,31
16,0,4,44,31
17,0,4,44,31
18,0,3,45,31
19,0,3,45,31
20,0,3,45,31
21,0,1,47,31
22,0,1,47,31
23,0,1,47,31
24,0,1,47,31
25,0,1,47,31
26,0,1,47,31
27,0,1,47,31
28,0,1,47,31
29,0,1,47,31
30,0,1,47,31
31,0,1,47,31
32,0,1,47,31
33,0,1,47,31
34,0,1,47,31
35,0,1,47,31
36,0,1,47,31
37,0,1,47,31
38,0,1,47,31
39,0,1,47,31
40,0,0,48,31
0,31,16,1,32
1,24,18,6,32
2,20,17,11,32
3,18,14,16,32
4,17,10,21,32
5,15,10,23,32
6,12,11,25,32
7,10,10,28,32
8,6,14,28,32
9,4,13,31,32
10,3,11,34,32
11,3,8,37,32
12,2,9,37,32
13,2,7,39,32
14,2,6,40,32
15,2,4,42,32
16,2,3,43,32
17,2,2,44,32
18,2,1,45,32
19,2,1,45,32
20,2,1,45,32
21,2,1,45,32
22,2,1,45,32
23,2,1,45,32
24,2,1,45,32
25,2,1,45,32
26,2,1,45,32
27,2,1,45,32
28,2,1,45,32
29,2,1,45,32
30,2,0,46,32
0,26,21,1,33
1,16,28,4,33
2,9,29,10,33
3,7,27,14,33
4,3,26,19,33
5,3,19,26,33
6,3,15,30,33
7,3,10,35,33
8,3,9,36,33
9,3,9,36,33
10,3,8,37,33
11,3,7,38,33
12,3,5,40,33
13,3,4,41,33
14,3,3,42,33
15,3,3,42,33
16,3,2,43,33
17,3,1,44,33
18,3,1,44,33
19,3,1,44,33
20,3,1,44,33
21,3,1,44,33
22,3,1,44,33
23,3,1,44,33
24,3,0,45,33
0,32,14,2,34
1,27,16,5,34
2,19,19,10,34
3,16,17,15,34
4,13,17,18,34
5,11,14,23,34
6,7,17,24,34
7,7,15,26,34
8,5,14,29,34
9,5,9,34,34
10,5,7,36,34
11,5,4,39,34
12,5,4,39,34
13,5,3,40,34
14,5,2,41,34
15,5,0,43,34
0,28,18,2,35
1,20,21,7,35
2,11,25,12,35
3,6,25,17,35
4,5,18,25,35
5,3,16,29,35
6,3,12,33,35
7,3,5,40,35
8,3,5,40,35
9,3,4,41,35
10,3,2,43,35
11,3,1,44,35
12,3,0,45,35
0,27,20,1,36
1,16,28,4,36
2,9,31,8,36
3,4,30,14,36
4,2,25,21,36
5,1,24,23,36
6,1,19,28,36
7,1,14,33,36
8,1,14,33,36
9,1,10,37,36
10,1,8,39,36
11,1,8,39,36
12,1,6,41,36
13,1,6,41,36
14,1,4,43,36
15,1,3,44,36
16,1,2,45,36
17,1,2,45,36
18,1,2,45,36
19,1,1,46,36
20,1,1,46,36
21,1,1,46,36
22,1,0,47,36
0,26,21,1,37
1,15,29,4,37
2,7,32,9,37
3,2,34,12,37
4,0,29,19,37
5,0,24,24,37
6,0,18,30,37
7,0,18,30,37
8,0,15,33,37
9,0,6,42,37
10,0,5,43,37
11,0,5,43,37
12,0,3,45,37
13,0,2,46,37
14,0,1,47,37
15,0,0,48,37
0,26,22,0,38
1,17,23,8,38
2,9,26,13,38
3,6,21,21,38
4,6,17,25,38
5,6,15,27,38
6,6,10,32,38
7,6,7,35,38
8,6,5,37,38
9,6,3,39,38
10,6,3,39,38
11,6,3,39,38
12,6,3,39,38
13,6,2,40,38
14,6,2,40,38
15,6,2,40,38
16,6,2,40,38
17,6,2,40,38
18,6,0,42,38
0,26,20,2,39
1,12,32,4,39
2,6,33,9,39
3,3,29,16,39
4,2,24,22,39
5,2,18,28,39
6,2,14,32,39
7,2,11,35,39
8,2,10,36,39
9,2,9,37,39
10,2,7,39,39
11,2,6,40,39
12,2,5,41,39
13,2,4,42,39
14,2,2,44,39
15,2,2,44,39
16,2,1,45,39
17,2,0,46,39
0,30,16,2,40
1,21,23,4,40
2,13,25,10,40
3,11,22,15,40
4,8,17,23,40
5,7,17,24,40
6,3,19,26,40
7,2,14,32,40
8,2,10,36,40
9,2,9,37,40
10,2,4,42,40
11,2,2,44,40
12,2,1,45,40
13,2,0,46,40
0,33,10,5,41
1,26,14,8,41
2,20,17,11,41
3,15,17,16,41
4,11,18,19,41
5,8,17,23,41
6,7,15,26,41
7,7,13,28,41
8,7,12,29,41
9,7,11,30,41
10,7,9,32,41
11,7,8,33,41
12,7,7,34,41
13,7,4,37,41
14,7,2,39,41
15,7,2,39,41
16,7,2,39,41
17,7,2,39,41
18,7,2,39,41
19,7,1,40,41
20,7,1,40,41
21,7,1,40,41
22,7,1,40,41
23,7,1,40,41
24,7,1,40,41
25,7,0,41,41
0,28,20,0,42
1,14,30,4,42
2,5,33,10,42
3,2,27,19,42
4,2,21,25,42
5,2,16,30,42
6,1,16,31,42
7,1,12,35,42
8,1,6,41,42
9,1,6,41,42
10,1,2,45,42
11,1,2,45,42
12,1,2,45,42
13,1,0,47,42
0,27,20,1,43
1,16,26,6,43
2,8,29,11,43
3,6,27,15,43
4,5,25,18,43
5,4,23,21,43
6,3,21,24,43
7,1,20,27,43
8,1,16,31,43
9,1,12,35,43
10,1,10,37,43
11,1,7,40,43
12,1,7,40,43
13,1,6,41,43
14,1,5,42,43
15,1,5,42,43
16,1,4,43,43
17,1,3,44,43
18,1,3,44,43
19,1,1,46,43
20,1,1,46,43
21,1,1,46,43
22,1,1,46,43
23,1,1,46,43
24,1,1,46,43
25,1,1,46,43
26,1,1,46,43
27,1,1,46,43
28,1,1,46,43
29,1,1,46,43
30,1,0,47,43
0,25,22,1,44
1,16,27,5,44
2,11,25,12,44
3,6,24,18,44
4,5,21,22,44
5,5,17,26,44
6,4,11,33,44
7,3,11,34,44
8,2,10,36,44
9,2,10,36,44
10,2,8,38,44
11,2,6,40,44
12,2,3,43,44
13,2,3,43,44
14,2,3,43,44
15,2,2,44,44
16,2,2,44,44
17,2,2,44,44
18,2,2,44,44
19,2,2,44,44
20,2,1,45,44
21,2,1,45,44
22,2,1,45,44
23,2,1,45,44
24,2,1,45,44
25,2,1,45,44
26,2,1,45,44
27,2,1,45,44
28,2,1,45,44
29,2,1,45,44
30,2,1,45,44
31,2,1,45,44
32,2,1,45,44
33,2,1,45,44
34,2,1,45,44
35,2,1,45,44
36,2,1,45,44
37,2,1,45,44
38,2,1,45,44
39,2,1,45,44
40,2,1,45,44
41,2,1,45,44
42,2,1,45,44
43,2,1,45,44
44,2,1,45,44
45,2,1,45,44
46,2,1,45,44
47,2,1,45,44
48,2,1,45,44
49,2,1,45,44
50,2,1,45,44
51,2,1,45,44
52,2,1,45,44
53,2,1,45,44
54,2,1,45,44
55,2,0,46,44
0,29,17,2,45
1,19,24,5,45
2,12,26,10,45
3,5,24,19,45
4,3,18,27,45
5,3,16,29,45
6,1,17,30,45
7,1,16,31,45
8,1,13,34,45
9,1,9,38,45
10,1,6,41,45
11,1,5,42,45
12,1,5,42,45
13,1,3,44,45
14,1,3,44,45
15,1,3,44,45
16,1,2,45,45
17,1,1,46,45
18,1,1,46,45
19,1,1,46,45
20,1,1,46,45
21,1,1,46,45
22,1,0,47,45
0,27,20,1,46
1,18,25,5,46
2,10,30,8,46
3,5,27,16,46
4,3,20,25,46
5,2,20,26,46
6,2,15,31,46
7,1,12,35,46
8,1,10,37,46
9,1,8,39,46
10,1,4,43,46
11,1,4,43,46
12,1,3,44,46
13,1,2,45,46
14,1,1,46,46
15,1,0,47,46
0,26,22,0,47
1,14,29,5,47
2,7,27,14,47
3,5,24,19,47
4,2,23,23,47
5,0,15,33,47
6,0,12,36,47
7,0,10,38,47
8,0,9,39,47
9,0,7,41,47
10,0,5,43,47
11,0,5,43,47
12,0,5,43,47
13,0,5,43,47
14,0,3,45,47
15,0,3,45,47
16,0,2,46,47
17,0,2,46,47
18,0,2,46,47
19,0,1,47,47
20,0,0,48,47
0,26,20,2,48
1,13,29,6,48
2,4,31,13,48
3,1,30,17,48
4,0,25,23,48
5,0,21,27,48
6,0,18,30,48
7,0,14,34,48
8,0,12,36,48
9,0,10,38,48
10,0,7,41,48
11,0,6,42,48
12,0,6,42,48
13,0,2,46,48
14,0,1,47,48
15,0,1,47,48
16,0,0,48,48
0,28,19,1,49
1,18,23,7,49
2,9,28,11,49
3,5,24,19,49
4,3,21,24,49
5,3,18,27,49
6,2,16,30,49
7,2,11,35,49
8,2,9,37,49
9,2,7,39,49
10,2,4,42,49
11,2,3,43,49
12,2,3,43,49
13,2,3,43,49
14,2,1,45,49
15,2,0,46,49
0,27,21,0,50
1,17,30,1,50
2,7,31,10,50
3,4,28,16,50
4,3,20,25,50
5,2,17,29,50
6,2,14,32,50
7,2,13,33,50
8,2,12,34,50
9,2,9,37,50
10,2,5,41,50
11,2,3,43,50
12,2,3,43,50
13,2,3,43,50
14,2,3,43,50
15,2,3,43,50
16,2,3,43,50
17,2,1,45,50
18,2,1,45,50
19,2,1,45,50
20,2,1,45,50
21,2,1,45,50
22,2,1,45,50
23,2,0,46,50
0,27,20,1,51
1,15,29,4,51
2,10,29,9,51
3,3,31,14,51
4,1,27,20,51
5,1,18,29,51
6,1,12,35,51
7,1,11,36,51
8,1,8,39,51
9,1,4,43,51
10,1,4,43,51
11,1,3,44,51
12,1,3,44,51
13,1,3,44,51
14,1,2,45,51
15,1,2,45,51
16,1,2,45,51
17,1,2,45,51
18,1,2,45,51
19,1,2,45,51
20,1,1,46,51
21,1,0,47,51
0,28,19,1,52
1,19,24,5,52
2,11,29,8,52
3,7,26,15,52
4,5,23,20,52
5,4,19,25,52
6,2,20,26,52
7,1,17,30,52
8,1,16,31,52
9,1,13,34,52
10,1,9,38,52
11,1,5,42,52
12,1,4,43,52
13,1,3,44,52
14,1,3,44,52
15,1,3,44,52
16,1,1,46,52
17,1,0,47,52
0,28,18,2,53
1,21,20,7,53
2,18,17,13,53
3,17,15,16,53
4,15,14,19,53
5,12,14,22,53
6,11,10,27,53
7,9,8,31,53
8,7,7,34,53
9,5,9,34,53
10,3,10,35,53
11,1,10,37,53
12,1,8,39,53
13,1,7,40,53
14,1,6,41,53
15,1,5,42,53
16,1,4,43,53
17,1,1,46,53
18,1,1,46,53
19,1,1,46,53
20,1,1,46,53
21,1,0,47,53
0,31,16,1,54
1,19,24,5,54
2,10,30,8,54
3,7,27,14,54
4,4,22,22,54
5,3,19,26,54
6,2,17,29,54
7,0,13,35,54
8,0,11,37,54
9,0,9,39,54
10,0,8,40,54
11,0,5,43,54
12,0,3,45,54
13,0,2,46,54
14,0,2,46,54
15,0,2,46,54
16,0,1,47,54
17,0,1,47,54
18,0,1,47,54
19,0,1,47,54
20,0,0,48,54
0,29,15,4,55
1,20,20,8,55
2,16,20,12,55
3,13,20,15,55
4,8,19,21,55
5,5,17,26,55
6,3,17,28,55
7,3,13,32,55
8,3,10,35,55
9,3,8,37,55
10,3,7,38,55
11,3,6,39,55
12,3,5,40,55
13,3,3,42,55
14,3,2,43,55
15,3,2,43,55
16,3,2,43,55
17,3,1,44,55
18,3,1,44,55
19,3,1,44,55
20,3,1,44,55
21,3,1,44,55
22,3,1,44,55
23,3,1,44,55
24,3,0,45,55
0,26,21,1,56
1,18,27,3,56
2,10,32,6,56
3,8,27,13,56
4,4,26,18,56
5,4,24,20,56
6,4,19,25,56
7,4,16,28,56
8,4,14,30,56
9,4,11,33,56
10,4,11,33,56
11,4,9,35,56
12,4,7,37,56
13,4,4,40,56
14,4,3,41,56
15,4,1,43,56
16,4,1,43,56
17,4,1,43,56
18,4,0,44,56
0,26,21,1,57
1,15,26,7,57
2,7,30,11,57
3,6,23,19,57
4,5,19,24,57
5,5,13,30,57
6,5,9,34,57
7,5,7,36,57
8,5,7,36,57
9,5,7,36,57
10,5,4,39,57
11,5,4,39,57
12,5,3,40,57
13,5,3,40,57
14,5,3,40,57
15,5,3,40,57
16,5,3,40,57
17,5,2,41,57
18,5,1,42,57
19,5,1,42,57
20,5,0,43,57
0,31,14,3,58
1,24,18,6,58
2,19,18,11,58
3,13,17,18,58
4,12,15,21,58
5,12,10,26,58
6,12,9,27,58
7,12,6,30,58
8,12,4,32,58
9,12,3,33,58
10,12,2,34,58
11,12,1,35,58
12,12,1,35,58
13,12,0,36,58
0,27,21,0,59
1,18,26,4,59
2,12,27,9,59
3,9,24,15,59
4,3,28,17,59
5,1,21,26,59
6,1,18,29,59
7,1,14,33,59
8,1,12,35,59
9,1,12,35,59
10,1,12,35,59
11,1,10,37,59
12,1,10,37,59
13,1,8,39,59
14,1,8,39,59
15,1,4,43,59
16,1,2,45,59
17,1,2,45,59
18,1,1,46,59
19,1,1,46,59
20,1,0,47,59
0,30,14,4,60
1,19,21,8,60
2,10,26,12,60
3,4,28,16,60
4,1,23,24,60
5,1,17,30,60
6,1,14,33,60
7,1,10,37,60
8,1,7,40,60
9,1,2,45,60
10,1,2,45,60
11,1,2,45,60
12,1,1,46,60
13,1,1,46,60
14,1,1,46,60
15,1,1,46,60
16,1,1,46,60
17,1,0,47,60
0,27,21,0,61
1,22,22,4,61
2,16,27,5,61
3,10,28,10,61
4,4,30,14,61
5,1,27,20,61
6,1,21,26,61
7,1,17,30,61
8,1,14,33,61
9,1,13,34,61
10,1,10,37,61
11,1,8,39,61
12,1,8,39,61
13,1,7,40,61
14,1,4,43,61
15,1,3,44,61
16,1,2,45,61
17,1,2,45,61
18,1,2,45,61
19,1,0,47,61
0,28,19,1,62
1,20,24,4,62
2,12,27,9,62
3,7,31,10,62
4,6,26,16,62
5,6,17,25,62
6,6,14,28,62
7,6,11,31,62
8,6,9,33,62
9,6,8,34,62
10,6,7,35,62
11,6,5,37,62
12,6,4,38,62
13,6,4,38,62
14,6,1,41,62
15,6,1,41,62
16,6,0,42,62
0,28,19,1,63
1,18,26,4,63
2,11,28,9,63
3,9,24,15,63
4,9,19,20,63
5,9,18,21,63
6,9,12,27,63
7,9,10,29,63
8,9,7,32,63
9,9,5,34,63
10,9,4,35,63
11,9,2,37,63
12,9,2,37,63
13,9,1,38,63
14,9,1,38,63
15,9,1,38,63
16,9,1,38,63
17,9,1,38,63
18,9,0,39,63
0,29,17,2,64
1,17,25,6,64
2,12,21,15,64
3,8,19,21,64
4,3,22,23,64
5,1,21,26,64
6,1,16,31,64
7,1,13,34,64
8,1,6,41,64
9,1,2,45,64
10,1,2,45,64
11,1,2,45,64
12,1,1,46,64
13,1,1,46,64
14,1,1,46,64
15,1,1,46,64
16,1,1,46,64
17,1,1,46,64
18,1,1,46,64
19,1,1,46,64
20,1,1,46,64
21,1,0,47,64
0,25,22,1,65
1,16,29,3,65
2,8,30,10,65
3,5,26,17,65
4,2,25,21,65
5,1,22,25,65
6,0,16,32,65
7,0,15,33,65
8,0,12,36,65
9,0,9,39,65
10,0,7,41,65
11,0,6,42,65
12,0,5,43,65
13,0,2,46,65
14,0,1,47,65
15,0,1,47,65
16,0,1,47,65
17,0,1,47,65
18,0,1,47,65
19,0,1,47,65
20,0,1,47,65
21,0,1,47,65
22,0,0,48,65
0,30,16,2,66
1,20,23,5,66
2,6,35,7,66
3,1,33,14,66
4,0,26,22,66
5,0,23,25,66
6,0,21,27,66
7,0,17,31,66
8,0,14,34,66
9,0,12,36,66
10,0,9,39,66
11,0,8,40,66
12,0,6,42,66
13,0,5,43,66
14,0,4,44,66
15,0,4,44,66
16,0,3,45,66
17,0,3,45,66
18,0,0,48,66
0,28,18,2,67
1,19,25,4,67
2,13,24,11,67
3,9,22,17,67
4,7,21,20,67
5,4,19,25,67
6,4,15,29,67
7,4,11,33,67
8,4,11,33,67
9,4,8,36,67
10,4,7,37,67
11,4,4,40,67
12,4,3,41,67
13,4,3,41,67
14,4,3,41,67
15,4,2,42,67
16,4,1,43,67
17,4,1,43,67
18,4,1,43,67
19,4,1,43,67
20,4,1,43,67
21,4,0,44,67
0,27,18,3,68
1,15,27,6,68
2,9,26,13,68
3,8,22,18,68
4,5,22,21,68
5,4,18,26,68
6,3,13,32,68
7,2,11,35,68
8,1,8,39,68
9,1,3,44,68
10,1,3,44,68
11,1,3,44,68
12,1,2,45,68
13,1,2,45,68
14,1,2,45,68
15,1,2,45,68
16,1,2,45,68
17,1,2,45,68
18,1,2,45,68
19,1,2,45,68
20,1,2,45,68
21,1,2,45,68
22,1,2,45,68
23,1,1,46,68
24,1,0,47,68
0,30,16,2,69
1,21,22,5,69
2,13,25,10,69
3,7,28,13,69
4,2,25,21,69
5,2,20,26,69
6,1,16,31,69
7,1,13,34,69
8,1,11,36,69
9,1,11,36,69
10,1,9,38,69
11,1,7,40,69
12,1,4,43,69
13,1,4,43,69
14,1,2,45,69
15,1,2,45,69
16,1,2,45,69
17,1,2,45,69
18,1,2,45,69
19,1,2,45,69
20,1,2,45,69
21,1,2,45,69
22,1,1,46,69
23,1,0,47,69
0,27,20,1,70
1,18,24,6,70
2,8,31,9,70
3,6,26,16,70
4,4,20,24,70
5,3,15,30,70
6,3,15,30,70
7,3,8,37,70
8,3,7,38,70
9,3,5,40,70
10,3,4,41,70
11,3,2,43,70
12,3,2,43,70
13,3,1,44,70
14,3,0,45,70
0,31,13,4,71
1,22,19,7,71
2,14,25,9,71
3,8,27,13,71
4,6,23,19,71
5,6,19,23,71
6,6,16,26,71
7,6,12,30,71
8,6,9,33,71
9,6,7,35,71
10,6,5,37,71
11,6,5,37,71
12,6,4,38,71
13,6,3,39,71
14,6,3,39,71
15,6,2,40,71
16,6,1,41,71
17,6,0,42,71
0,32,12,4,72
1,24,18,6,72
2,18,22,8,72
3,10,28,10,72
4,6,25,17,72
5,5,17,26,72
6,5,14,29,72
7,5,13,30,72
8,5,12,31,72
9,5,9,34,72
10,5,6,37,72
11,5,5,38,72
12,5,3,40,72
13,5,3,40,72
14,5,1,42,72
15,5,1,42,72
16,5,1,42,72
17,5,1,42,72
18,5,0,43,72
0,29,16,3,73
1,20,23,5,73
2,14,23,11,73
3,10,21,17,73
4,7,18,23,73
5,6,14,28,73
6,6,13,29,73
7,6,10,32,73
8,6,9,33,73
9,6,6,36,73
10,6,4,38,73
11,6,4,38,73
12,6,2,40,73
13,6,1,41,73
14,6,0,42,73
0,30,16,2,74
1,19,24,5,74
2,11,30,7,74
3,8,30,10,74
4,6,28,14,74
5,4,23,21,74
6,1,20,27,74
7,1,17,30,74
8,1,12,35,74
9,1,12,35,74
10,1,8,39,74
11,1,6,41,74
12,1,4,43,74
13,1,3,44,74
14,1,3,44,74
15,1,3,44,74
16,1,2,45,74
17,1,2,45,74
18,1,1,46,74
19,1,1,46,74
20,1,1,46,74
21,1,1,46,74
22,1,1,46,74
23,1,1,46,74
24,1,1,46,74
25,1,1,46,74
26,1,1,46,74
27,1,0,47,74
0,27,19,2,75
1,14,30,4,75
2,5,34,9,75
3,2,32,14,75
4,2,22,24,75
5,2,21,25,75
6,2,18,28,75
7,2,15,31,75
8,2,13,33,75
9,2,11,35,75
10,2,10,36,75
11,2,9,37,75
12,2,8,38,75
13,2,8,38,75
14,2,7,39,75
15,2,7,39,75
16,2,6,40,75
17,2,4,42,75
18,2,4,42,75
19,2,4,42,75
20,2,3,43,75
21,2,3,43,75
22,2,1,45,75
23,2,0,46,75
0,28,20,0,76
1,20,24,4,76
2,16,23,9,76
3,12,23,13,76
4,10,24,14,76
5,8,18,22,76
6,7,15,26,76
7,7,10,31,76
8,7,9,32,76
9,7,8,33,76
10,7,7,34,76
11,7,5,36,76
12,7,4,37,76
13,7,3,38,76
14,7,2,39,76
15,7,1,40,76
16,7,1,40,76
17,7,1,40,76
18,7,1,40,76
19,7,0,41,76
0,31,15,2,77
1,21,20,7,77
2,11,21,16,77
3,7,20,21,77
4,4,18,26,77
5,4,14,30,77
6,4,8,36,77
7,4,6,38,77
8,4,5,39,77
9,4,2,42,77
10,4,2,42,77
11,4,2,42,77
12,4,2,42,77
13,4,1,43,77
14,4,1,43,77
15,4,1,43,77
16,4,1,43,77
17,4,1,43,77
18,4,1,43,77
19,4,1,43,77
20,4,0,44,77
0,25,22,1,78
1,12,32,4,78
2,4,32,12,78
3,0,25,23,78
4,0,21,27,78
5,0,16,32,78
6,0,12,36,78
7,0,9,39,78
8,0,7,41,78
9,0,5,43,78
10,0,4,44,78
11,0,4,44,78
12,0,4,44,78
13,0,2,46,78
14,0,2,46,78
15,0,2,46,78
16,0,2,46,78
17,0,2,46,78
18,0,2,46,78
19,0,1,47,78
20,0,1,47,78
21,0,1,47,78
22,0,1,47,78
23,0,1,47,78
24,0,1,47,78
25,0,0,48,78
0,27,20,1,79
1,21,20,7,79
2,12,26,10,79
3,7,23,18,79
4,3,23,22,79
5,2,20,26,79
6,2,18,28,79
7,2,16,30,79
8,2,16,30,79
9,2,13,33,79
10,2,10,36,79
11,2,9,37,79
12,2,6,40,79
13,2,5,41,79
14,2,4,42,79
15,2,3,43,79
16,2,3,43,79
17,2,2,44,79
18,2,2,44,79
19,2,2,44,79
20,2,2,44,79
21,2,0,46,79
0,28,19,1,80
1,19,25,4,80
2,11,29,8,80
3,8,23,17,80
4,5,19,24,80
5,3,17,28,80
6,2,13,33,80
7,2,11,35,80
8,2,10,36,80
9,2,7,39,80
10,2,4,42,80
11,2,3,43,80
12,2,2,44,80
13,2,2,44,80
14,2,2,44,80
15,2,2,44,80
16,2,2,44,80
17,2,2,44,80
18,2,2,44,80
19,2,1,45,80
20,2,1,45,80
21,2,1,45,80
22,2,0,46,80
0,26,21,1,81
1,17,27,4,81
2,6,32,10,81
3,1,29,18,81
4,0,22,26,81
5,0,17,31,81
6,0,13,35,81
7,0,10,38,81
8,0,6,42,81
9,0,5,43,81
10,0,3,45,81
11,0,3,45,81
12,0,2,46,81
13,0,1,47,81
14,0,1,47,81
15,0,1,47,81
16,0,1,47,81
17,0,1,47,81
18,0,1,47,81
19,0,1,47,81
20,0,1,47,81
21,0,1,47,81
22,0,1,47,81
23,0,1,47,81
24,0,1,47,81
25,0,0,48,81
0,28,20,0,82
1,22,20,6,82
2,14,27,7,82
3,9,26,13,82
4,4,29,15,82
5,2,26,20,82
6,2,19,27,82
7,2,15,31,82
8,2,10,36,82
9,2,7,39,82
10,2,5,41,82
11,2,3,43,82
12,2,3,43,82
13,2,3,43,82
14,2,3,43,82
15,2,1,45,82
16,2,1,45,82
17,2,0,46,82
0,29,17,2,83
1,20,21,7,83
2,14,23,11,83
3,9,22,17,83
4,8,21,19,83
5,8,11,29,83
6,8,9,31,83
7,8,8,32,83
8,8,6,34,83
9,8,5,35,83
10,8,2,38,83
11,8,1,39,83
12,8,1,39,83
13,8,1,39,83
14,8,1,39,83
15,8,1,39,83
16,8,0,40,83
0,30,16,2,84
1,22,20,6,84
2,15,25,8,84
3,9,26,13,84
4,5,21,22,84
5,4,15,29,84
6,3,12,33,84
7,3,7,38,84
8,3,5,40,84
9,3,4,41,84
10,3,4,41,84
11,3,4,41,84
12,3,3,42,84
13,3,3,42,84
14,3,3,42,84
15,3,3,42,84
16,3,2,43,84
17,3,1,44,84
18,3,1,44,84
19,3,0,45,84
0,27,21,0,85
1,16,28,4,85
2,11,29,8,85
3,6,27,15,85
4,4,23,21,85
5,3,20,25,85
6,2,15,31,85
7,2,12,34,85
8,1,12,35,85
9,0,12,36,85
10,0,11,37,85
11,0,9,39,85
12,0,7,41,85
13,0,7,41,85
14,0,5,43,85
15,0,4,44,85
16,0,3,45,85
17,0,2,46,85
18,0,2,46,85
19,0,2,46,85
20,0,1,47,85
21,0,0,48,85
0,27,19,2,86
1,18,21,9,86
2,12,24,12,86
3,9,20,19,86
4,6,20,22,86
5,5,20,23,86
6,5,17,26,86
7,4,14,30,86
8,4,9,35,86
9,4,8,36,86
10,4,8,36,86
11,4,4,40,86
12,4,4,40,86
13,4,3,41,86
14,4,3,41,86
15,4,3,41,86
16,4,2,42,86
17,4,2,42,86
18,4,2,42,86
19,4,2,42,86
20,4,2,42,86
21,4,2,42,86
22,4,0,44,86
0,31,14,3,87
1,24,18,6,87
2,16,25,7,87
3,13,19,16,87
4,10,16,22,87
5,7,16,25,87
6,6,14,28,87
7,6,13,29,87
8,6,12,30,87
9,6,8,34,87
10,6,7,35,87
11,6,6,36,87
12,6,4,38,87
13,6,4,38,87
14,6,3,39,87
15,6,2,40,87
16,6,2,40,87
17,6,2,40,87
18,6,1,41,87
19,6,1,41,87
20,6,1,41,87
21,6,1,41,87
22,6,0,42,87
0,29,18,1,88
1,19,27,2,88
2,11,26,11,88
3,7,26,15,88
4,4,25,19,88
5,3,22,23,88
6,2,18,28,88
7,2,14,32,88
8,2,12,34,88
9,2,10,36,88
10,2,9,37,88
11,2,8,38,88
12,2,4,42,88
13,2,4,42,88
14,2,4,42,88
15,2,4,42,88
16,2,3,43,88
17,2,3,43,88
18,2,3,43,88
19,2,2,44,88
20,2,0,46,88
0,31,13,4,89
1,21,21,6,89
2,11,30,7,89
3,9,25,14,89
4,8,24,16,89
5,8,17,23,89
6,8,10,30,89
7,8,6,34,89
8,8,3,37,89
9,8,2,38,89
10,8,2,38,89
11,8,2,38,89
12,8,2,38,89
13,8,2,38,89
14,8,2,38,89
15,8,2,38,89
16,8,2,38,89
17,8,1,39,89
18,8,1,39,89
19,8,1,39,89
20,8,0,40,89
0,28,19,1,90
1,13,30,5,90
2,5,31,12,90
3,2,29,17,90
4,2,22,24,90
5,2,18,28,90
6,2,14,32,90
7,2,9,37,90
8,2,6,40,90
9,2,4,42,90
10,2,2,44,90
11,2,1,45,90
12,2,1,45,90
13,2,0,46,90
0,28,18,2,91
1,17,24,7,91
2,8,30,10,91
3,3,28,17,91
4,1,25,22,91
5,0,20,28,91
6,0,16,32,91
7,0,15,33,91
8,0,13,35,91
9,0,11,37,91
10,0,9,39,91
11,0,5,43,91
12,0,5,43,91
13,0,5,43,91
14,0,4,44,91
15,0,4,44,91
16,0,4,44,91
17,0,3,45,91
18,0,2,46,91
19,0,2,46,91
20,0,1,47,91
21,0,1,47,91
22,0,1,47,91
23,0,1,47,91
24,0,1,47,91
25,0,1,47,91
26,0,1,47,91
27,0,1,47,91
28,0,1,47,91
29,0,1,47,91
30,0,1,47,91
31,0,1,47,91
32,0,0,48,91
0,36,7,5,92
1,31,12,5,92
2,29,11,8,92
3,27,9,12,92
4,25,11,12,92
5,21,15,12,92
6,18,17,13,92
7,16,17,15,92
8,15,15,18,92
9,13,14,21,92
10,12,13,23,92
11,10,13,25,92
12,9,8,31,92
13,7,8,33,92
14,7,7,34,92
15,5,7,36,92
16,5,6,37,92
17,5,4,39,92
18,5,4,39,92
19,5,2,41,92
20,5,2,41,92
21,5,2,41,92
22,5,2,41,92
23,5,2,41,92
24,5,2,41,92
25,5,0,43,92
0,27,21,0,93
1,19,27,2,93
2,14,23,11,93
3,10,23,15,93
4,8,23,17,93
5,6,22,20,93
6,5,20,23,93
7,5,15,28,93
8,5,11,32,93
9,5,9,34,93
10,5,7,36,93
11,5,6,37,93
12,5,5,38,93
13,5,4,39,93
14,5,1,42,93
15,5,1,42,93
16,5,1,42,93
17,5,0,43,93
0,29,16,3,94
1,21,18,9,94
2,16,20,12,94
3,9,22,17,94
4,3,24,21,94
5,1,22,25,94
6,0,17,31,94
7,0,11,37,94
8,0,9,39,94
9,0,6,42,94
10,0,5,43,94
11,0,3,45,94
12,0,2,46,94
13,0,1,47,94
14,0,1,47,94
15,0,1,47,94
16,0,1,47,94
17,0,0,48,94
0,27,19,2,95
1,21,20,7,95
2,16,18,14,95
3,13,17,18,95
4,10,18,20,95
5,8,18,22,95
6,6,17,25,95
7,5,10,33,95
8,4,9,35,95
9,1,10,37,95
10,1,9,38,95
11,1,7,40,95
12,1,7,40,95
13,1,7,40,95
14,1,5,42,95
15,1,5,42,95
16,1,5,42,95
17,1,4,43,95
18,1,4,43,95
19,1,3,44,95
20,1,2,45,95
21,1,2,45,95
22,1,1,46,95
23,1,1,46,95
24,1,1,46,95
25,1,1,46,95
26,1,1,46,95
27,1,1,46,95
28,1,1,46,95
29,1,1,46,95
30,1,1,46,95
31,1,1,46,95
32,1,0,47,95
0,28,19,1,96
1,17,24,7,96
2,10,26,12,96
3,5,24,19,96
4,2,23,23,96
5,1,21,26,96
6,0,15,33,96
7,0,12,36,96
8,0,9,39,96
9,0,8,40,96
10,0,5,43,96
11,0,5,43,96
12,0,5,43,96
13,0,5,43,96
14,0,4,44,96
15,0,4,44,96
16,0,3,45,96
17,0,3,45,96
18,0,3,45,96
19,0,3,45,96
20,0,3,45,96
21,0,3,45,96
22,0,2,46,96
23,0,2,46,96
24,0,2,46,96
25,0,2,46,96
26,0,1,47,96
27,0,1,47,96
28,0,1,47,96
29,0,1,47,96
30,0,1,47,96
31,0,1,47,96
32,0,1,47,96
33,0,1,47,96
34,0,1,47,96
35,0,1,47,96
36,0,1,47,96
37,0,1,47,96
38,0,0,48,96
0,30,17,1,97
1,24,20,4,97
2,14,26,8,97
3,7,27,14,97
4,2,26,20,97
5,1,24,23,97
6,1,19,28,97
7,1,14,33,97
8,1,13,34,97
9,1,9,38,97
10,1,6,41,97
11,1,6,41,97
12,1,5,42,97
13,1,2,45,97
14,1,1,46,97
15,1,0,47,97
0,28,19,1,98
1,23,19,6,98
2,17,21,10,98
3,13,22,13,98
4,9,24,15,98
5,3,27,18,98
6,1,20,27,98
7,0,14,34,98
8,0,13,35,98
9,0,9,39,98
10,0,8,40,98
11,0,6,42,98
12,0,6,42,98
13,0,4,44,98
14,0,3,45,98
15,0,2,46,98
16,0,2,46,98
17,0,2,46,98
18,0,1,47,98
19,0,1,47,98
20,0,1,47,98
21,0,1,47,98
22,0,1,47,98
23,0,1,47,98
24,0,1,47,98
25,0,1,47,98
26,0,0,48,98
0,26,22,0,99
1,17,28,3,99
2,10,31,7,99
3,6,32,10,99
4,1,33,14,99
5,0,30,18,99
6,0,22,26,99
7,0,18,30,99
8,0,14,34,99
9,0,10,38,99
10,0,8,40,99
11,0,6,42,99
12,0,5,43,99
13,0,4,44,99
14,0,4,44,99
15,0,4,44,99
16,0,3,45,99
17,0,2,46,99
18,0,2,46,99
19,0,1,47,99
20,0,1,47,99
21,0,1,47,99
22,0,1,47,99
23,0,1,47,99
24,0,1,47,99
25,0,0,48,99
0,29,17,2,100
1,20,22,6,100
2,9,30,9,100
3,6,30,12,100
4,2,27,19,100
5,0,25,23,100
6,0,19,29,100
7,0,16,32,100
8,0,13,35,100
9,0,11,37,100
10,0,9,39,100
11,0,6,42,100
12,0,5,43,100
13,0,4,44,100
14,0,2,46,100
15,0,2,46,100
16,0,2,46,100
17,0,2,46,100
18,0,2,46,100
19,0,2,46,100
20,0,2,46,100
21,0,1,47,100
22,0,1,47,100
23,0,1,47,100
24,0,1,47,100
25,0,0,48,100
